[
  {"version":2},
  {"ingredient":{"id":"minecraft:stone_sword","components":{"minecraft:damage":21,"apotheosis:sockets":1,"apotheosis:rarity":"apotheosis:uncommon","apotheosis:affix_name":{"translate":"misc.apotheosis.affix_name.three","with":[{"translate":"affix.apotheosis:melee/mob_effect/weakening"},"",{"translate":"affix.apotheosis:melee/attribute/intricate.suffix"}],"italic":false,"color":"#33FF33"},"apotheosis:from_mob":true,"apotheosis:affixes":{"apotheosis:melee/mob_effect/weakening":0.8982239,"apotheosis:melee/attribute/berserking":0.34188938,"apotheosis:melee/attribute/intricate":0.8087852}}},"type":"item_stack","bookmarkType":"INGREDIENT"},
  {"ingredient":{"id":"apotheosis:mythic_material"},"type":"item_stack","bookmarkType":"INGREDIENT"},
  {"ingredient":{"id":"minecraft:crafting_table"},"type":"item_stack","bookmarkType":"INGREDIENT"}
]