{
	"19aazycn9ii0lfh1": {
		"definition": "health+2",
		"x": 0,
		"y": -36.95041722813605,
		"root": true
	},
	"ykn32h02xhgaujyr": {
		"definition": "attack_speed+5%",
		"x": -32,
		"y": 18.475208614068023,
		"root": true
	},
	"tznvsi9aenb4bn73": {
		"definition": "movement_speed+5%",
		"x": 32,
		"y": 18.475208614068023,
		"root": true
	},
	"l2my718fnwbvmzs0": {
		"definition": "attack_speed+5%",
		"x": 64,
		"y": -36.95041722813605,
		"root": false
	},
	"89a9iag8br220177": {
		"definition": "movement_speed+5%",
		"x": 32,
		"y": -92.37604307034012,
		"root": false
	},
	"dweffrbuap6vdwxe": {
		"definition": "attack_speed+5%",
		"x": -32,
		"y": -92.37604307034012,
		"root": false
	},
	"lhhr4uoabcfveyj1": {
		"definition": "movement_speed+5%",
		"x": -64,
		"y": -36.95041722813605,
		"root": false
	},
	"h0mcp5esmd1xqc9g": {
		"definition": "health+2",
		"x": -96,
		"y": 18.475208614068023,
		"root": false
	},
	"jgy1ixmyme78fp5n": {
		"definition": "movement_speed+5%",
		"x": -64,
		"y": 73.9008344562721,
		"root": false
	},
	"uywc5047u79aj8ks": {
		"definition": "health+2",
		"x": 0,
		"y": 73.9008344562721,
		"root": false
	},
	"4w9iu1ug3mx9i37x": {
		"definition": "attack_speed+5%",
		"x": 64,
		"y": 73.9008344562721,
		"root": false
	},
	"fvq6f1kmt3kk9d7m": {
		"definition": "health+2",
		"x": 96,
		"y": 18.475208614068023,
		"root": false
	},
	"h63tn069kkb774mn": {
		"definition": "attack_speed+5%",
		"x": -128,
		"y": -36.95041722813605,
		"root": false
	},
	"5leqh0xm633fxs3i": {
		"definition": "health+2",
		"x": -96,
		"y": -92.37604307034012,
		"root": false
	},
	"5z71qzvnc99vtrgu": {
		"definition": "health+2",
		"x": 96,
		"y": -92.37604307034012,
		"root": false
	},
	"cgu64bfdgvre8kss": {
		"definition": "movement_speed+5%",
		"x": 128,
		"y": -36.95041722813605,
		"root": false
	},
	"pftlv5zymyoj53af": {
		"definition": "movement_speed+5%",
		"x": 32,
		"y": 129.32646029847615,
		"root": false
	},
	"fv26ba8k6atd2xsx": {
		"definition": "attack_speed+5%",
		"x": -32,
		"y": 129.32646029847615,
		"root": false
	},
	"87qsj7qw3efwlf5z": {
		"definition": "health+2",
		"x": 0,
		"y": -147.8016689125442,
		"root": false
	},
	"rl757ia0b4n2xnje": {
		"definition": "health+2",
		"x": -64,
		"y": -147.8016689125442,
		"root": false
	},
	"failudb2rqz50olf": {
		"definition": "health+2",
		"x": 64,
		"y": -147.8016689125442,
		"root": false
	},
	"71vdvdvep6l9jgu7": {
		"definition": "attack_speed+5%",
		"x": -160,
		"y": 18.475208614068023,
		"root": false
	},
	"qxfd18n3tctyi4g5": {
		"definition": "attack_speed+5%",
		"x": -128,
		"y": 73.9008344562721,
		"root": false
	},
	"e3bs8xp7uaaz90ta": {
		"definition": "attack_speed+5%",
		"x": -96,
		"y": 129.32646029847615,
		"root": false
	},
	"1debmkl536tlz91k": {
		"definition": "movement_speed+5%",
		"x": 96,
		"y": 129.32646029847615,
		"root": false
	},
	"zzm7ax8abn3dqdwx": {
		"definition": "movement_speed+5%",
		"x": 224,
		"y": 129.32646029847615,
		"root": false
	},
	"xgrcai8qitl6gjvv": {
		"definition": "movement_speed+5%",
		"x": 160,
		"y": 18.475208614068023,
		"root": false
	},
	"8dfc1d8bzxa5cowe": {
		"definition": "health+2",
		"x": -192,
		"y": 73.9008344562721,
		"root": false
	},
	"ybocxx4utz971g6x": {
		"definition": "movement_speed+5%",
		"x": -160,
		"y": 129.32646029847615,
		"root": false
	},
	"z6gbohhrx0s7641n": {
		"definition": "attack_speed+5%",
		"x": -224,
		"y": 129.32646029847615,
		"root": false
	},
	"rt4m0djdezh4malt": {
		"definition": "movement_speed+5%",
		"x": 128,
		"y": 73.9008344562721,
		"root": false
	},
	"svo8uu9q70vib0tt": {
		"definition": "attack_speed+5%",
		"x": 160,
		"y": 129.32646029847615,
		"root": false
	},
	"on4525sv6q7w9q7l": {
		"definition": "health+2",
		"x": 192,
		"y": 73.9008344562721,
		"root": false
	},
	"peu1oewy10hkhrk1": {
		"definition": "health+2",
		"x": 0,
		"y": -258.6529205969523,
		"root": false
	},
	"2tbzn6k8an5qetn1": {
		"definition": "movement_speed+5%",
		"x": 32,
		"y": -203.22729475474824,
		"root": false
	},
	"3tidbn8c0yt22wmr": {
		"definition": "attack_speed+5%",
		"x": -32,
		"y": -203.22729475474824,
		"root": false
	},
	"m383gj80x7t3rgsg": {
		"definition": "movement_speed+5%",
		"x": -96,
		"y": -203.22729475474824,
		"root": false
	},
	"ynkpiclc0fg5ifrx": {
		"definition": "attack_speed+5%",
		"x": 96,
		"y": -203.22729475474824,
		"root": false
	},
	"47tdtrglogu7mdc2": {
		"definition": "attack_speed+5%",
		"x": -128,
		"y": -147.8016689125442,
		"root": false
	},
	"9v1x6e6vglhf7tfo": {
		"definition": "movement_speed+5%",
		"x": 128,
		"y": -147.8016689125442,
		"root": false
	},
	"zuu51hs4deudh1mq": {
		"definition": "health+2",
		"x": -192,
		"y": -36.95041722813605,
		"root": false
	},
	"f1jd3t9hedp27dh2": {
		"definition": "movement_speed+5%",
		"x": -64,
		"y": 184.75208614068023,
		"root": false
	},
	"z2hz32clhwace8s5": {
		"definition": "attack_speed+5%",
		"x": 64,
		"y": 184.75208614068023,
		"root": false
	},
	"rmdk1jf7sncojefu": {
		"definition": "health+2",
		"x": 192,
		"y": -36.95041722813605,
		"root": false
	},
	"cu514tfty3jpm79s": {
		"definition": "health+2",
		"x": -128,
		"y": 184.7520861406802,
		"root": false
	},
	"xdbhwarh5fee75c5": {
		"definition": "movement_speed+5%",
		"x": -224,
		"y": 18.475208614068038,
		"root": false
	},
	"clpa688bmzfx5v96": {
		"definition": "health+2",
		"x": 128,
		"y": 184.75208614068023,
		"root": false
	},
	"estxxnuz73nkwgpj": {
		"definition": "attack_speed+5%",
		"x": 224,
		"y": 18.47520861406801,
		"root": false
	},
	"s8hy5qspxm3xc7zj": {
		"definition": "movement_speed+5%",
		"x": -160,
		"y": -92.37604307034012,
		"root": false
	},
	"5lwrgrrfogqifzdd": {
		"definition": "attack_speed+5%",
		"x": 160,
		"y": -92.37604307034012,
		"root": false
	},
	"8r4oyh1tdjdfvjt0": {
		"definition": "health+2",
		"x": 0,
		"y": 184.75208614068023,
		"root": false
	},
	"plrgk3q9uuumpws5": {
		"definition": "movement_speed+5%",
		"x": 32,
		"y": 240.17771198288432,
		"root": false
	},
	"r8zh9u9n53ybvhbt": {
		"definition": "attack_speed+5%",
		"x": -32,
		"y": 240.17771198288426,
		"root": false
	},
	"t8jy6t8s3u9hrjoo": {
		"definition": "health+2",
		"x": 192,
		"y": -147.80166891254416,
		"root": false
	},
	"qcl84bz94u9b5nnu": {
		"definition": "health+2",
		"x": -192,
		"y": -147.8016689125442,
		"root": false
	},
	"5peup56i7dv6p0su": {
		"definition": "movement_speed+5%",
		"x": 224,
		"y": -92.37604307034013,
		"root": false
	},
	"3wzz1qgq51f7ftk5": {
		"definition": "attack_speed+5%",
		"x": -224,
		"y": -92.3760430703401,
		"root": false
	}
}