[
  {"version":2},
  {"ingredient":{"id":"allthemodium:allthemodium_apple"},"type":"item_stack","bookmarkType":"INGREDIENT"},
  {"ingredient":{"id":"allthearcanistgear:allthemodium_spell_book"},"type":"item_stack","bookmarkType":"INGREDIENT"},
  {"ingredient":{"id":"ars_nouveau:creative_spell_book","components":{"minecraft:base_color":"black","ars_nouveau:spell_caster":{"max_slots":10,"spells":{"0":{"sound":{},"recipe":["ars_additions:glyph_retaliate","ars_nouveau:glyph_hex","ars_nouveau:glyph_amplify","ars_nouveau:glyph_amplify","ars_nouveau:glyph_amplify","ars_nouveau:glyph_amplify","ars_elemental:glyph_phantom_grasp","ars_nouveau:glyph_amplify","ars_nouveau:glyph_amplify","ars_nouveau:glyph_amplify"],"particleTimeline":{"ars_nouveau:projectile":{"flairEffect":{"motion":{"propMap":{},"type":"ars_nouveau:none"},"particleOptions":{"properties":{"ars_nouveau:particle_type":{"particleType":"ars_nouveau:new_glow","subProperties":{"ars_nouveau:color":{"particleColor":{"id":"ars_nouveau:constant","r":255,"g":25,"b":180},"tintDisabled":true}}}},"type":"ars_nouveau:new_glow"}},"castSound":{"sound":{}},"resolveSound":{"sound":{}},"trailEffect":{"motion":{"propMap":{"ars_nouveau:model":{"resource":"ars_nouveau:empty","subPropMap":{}}},"type":"ars_nouveau:trail"},"particleOptions":{"properties":{"ars_nouveau:particle_type":{"particleType":"ars_nouveau:new_glow","subProperties":{"ars_nouveau:color":{"particleColor":{"id":"ars_nouveau:constant","r":255,"g":25,"b":180},"tintDisabled":true}}},"ars_nouveau:density":{"density":100,"radius":0.10000000149011612,"spawnType":"SPHERE"}},"type":"ars_nouveau:new_glow"}},"onResolvingEffect":{"motion":{"propMap":{},"type":"ars_nouveau:burst"},"particleOptions":{"properties":{"ars_nouveau:particle_type":{"particleType":"ars_nouveau:new_glow","subProperties":{"ars_nouveau:color":{"particleColor":{"id":"ars_nouveau:constant","r":255,"g":25,"b":180},"tintDisabled":true}}},"ars_nouveau:density":{"density":5,"radius":0.10000000149011612,"spawnType":"SPHERE"}},"type":"ars_nouveau:new_glow"}},"onSpawnEffect":{"motion":{"propMap":{},"type":"ars_nouveau:none"},"particleOptions":{"properties":{"ars_nouveau:particle_type":{"particleType":"ars_nouveau:new_glow","subProperties":{"ars_nouveau:color":{"particleColor":{"id":"ars_nouveau:constant","r":255,"g":25,"b":180},"tintDisabled":true}}}},"type":"ars_nouveau:new_glow"}},"type":"ars_nouveau:projectile"},"ars_nouveau:touch":{"onResolvingEffect":{"motion":{"propMap":{},"type":"ars_nouveau:burst"},"particleOptions":{"properties":{"ars_nouveau:particle_type":{"particleType":"ars_nouveau:sonic_boom","subProperties":{"ars_nouveau:color":{"particleColor":{"id":"ars_nouveau:constant","r":1,"g":1,"b":1},"tintDisabled":false}}},"ars_nouveau:density":{"density":10,"radius":0.45,"spawnType":"SPHERE"}},"type":"ars_nouveau:sonic_boom"}},"resolveSound":{"sound":{"sound":{"id":"ars_nouveau:phantom_bite"},"pitch":0.25}},"type":"ars_nouveau:touch"}},"name":"","color":{"id":"ars_nouveau:constant","r":255,"g":25,"b":180}},"1":{"sound":{},"recipe":["ars_elemental:glyph_homing_projectile","ars_nouveau:glyph_ignite","ars_nouveau:glyph_sensitive","ars_nouveau:glyph_flare","ars_nouveau:glyph_amplify","ars_nouveau:glyph_amplify","ars_elemental:glyph_conflagrate","ars_nouveau:glyph_amplify","ars_nouveau:glyph_amplify","ars_nouveau:glyph_aoe"],"particleTimeline":{"ars_nouveau:projectile":{"flairEffect":{"motion":{"propMap":{},"type":"ars_nouveau:spiral"},"particleOptions":{"properties":{"ars_nouveau:particle_type":{"particleType":"ars_nouveau:soul","subProperties":{"ars_nouveau:color":{"particleColor":{"id":"ars_nouveau:constant","r":1,"g":1,"b":1},"tintDisabled":false}}},"ars_nouveau:speed":{"yMinSpeed":-0.05,"yMaxSpeed":0.05,"xzMinSpeed":-0.05,"xzMaxSpeed":0.05},"ars_nouveau:density":{"density":100,"radius":0.30000001192092896,"spawnType":"SPHERE"}},"type":"ars_nouveau:soul"}},"castSound":{"sound":{"sound":{"id":"ars_nouveau:apply_effect_bad_omen"}}},"resolveSound":{"sound":{"sound":{"id":"ars_nouveau:allay_hurt"},"pitch":0.05}},"trailEffect":{"motion":{"propMap":{"ars_nouveau:model":{"resource":"ars_nouveau:spike","subPropMap":{"ars_nouveau:color":{"particleColor":{"id":"ars_nouveau:constant","r":1,"g":1,"b":1},"tintDisabled":false}}},"ars_nouveau:particle_type":{"particleType":"ars_nouveau:trial_spawner","subProperties":{"ars_nouveau:color":{"particleColor":{"id":"ars_nouveau:constant","r":1,"g":1,"b":1},"tintDisabled":false}}}},"type":"ars_nouveau:helix"},"particleOptions":{"properties":{"ars_nouveau:particle_type":{"particleType":"ars_nouveau:electric_spark","subProperties":{"ars_nouveau:color":{"particleColor":{"id":"ars_nouveau:constant","r":1,"g":1,"b":1},"tintDisabled":false}}},"ars_nouveau:speed":{"yMinSpeed":0.0,"yMaxSpeed":0.0,"xzMinSpeed":0.0,"xzMaxSpeed":0.0},"ars_nouveau:density":{"density":100,"radius":0.30000001192092896,"spawnType":"SPHERE"}},"type":"ars_nouveau:electric_spark"}},"onResolvingEffect":{"motion":{"propMap":{},"type":"ars_nouveau:burst"},"particleOptions":{"properties":{"ars_nouveau:emitter":{"rotation":{"x":1.4499451,"y":-44.708023},"age":0},"ars_nouveau:particle_type":{"particleType":"ars_nouveau:sonic_boom","subProperties":{"ars_nouveau:color":{"particleColor":{"id":"ars_nouveau:constant","r":1,"g":1,"b":1},"tintDisabled":false}}},"ars_nouveau:density":{"density":5,"radius":0.10000000149011612,"spawnType":"SPHERE"}},"type":"ars_nouveau:sonic_boom"}},"onSpawnEffect":{"motion":{"propMap":{},"type":"ars_nouveau:burst"},"particleOptions":{"properties":{"ars_nouveau:particle_type":{"particleType":"ars_nouveau:sculk_soul","subProperties":{"ars_nouveau:color":{"particleColor":{"id":"ars_nouveau:constant","r":1,"g":1,"b":1},"tintDisabled":false}}},"ars_nouveau:density":{"density":10,"radius":0.10000000149011612,"spawnType":"SPHERE"}},"type":"ars_nouveau:sculk_soul"}},"type":"ars_nouveau:projectile"}},"name":"","color":{"id":"ars_nouveau:constant","r":255,"g":25,"b":180}},"2":{"sound":{},"recipe":["ars_elemental:glyph_homing_projectile","ars_nouveau:glyph_freeze","ars_nouveau:glyph_cold_snap","ars_nouveau:glyph_amplify","ars_nouveau:glyph_amplify","ars_nouveau:glyph_freeze","ars_nouveau:glyph_cold_snap","ars_nouveau:glyph_amplify","ars_nouveau:glyph_amplify","ars_nouveau:glyph_aoe"],"particleTimeline":{"ars_nouveau:projectile":{"flairEffect":{"motion":{"propMap":{"ars_nouveau:particle_type":{"particleType":"ars_nouveau:soul","subProperties":{"ars_nouveau:color":{"particleColor":{"id":"ars_nouveau:constant","r":1,"g":1,"b":1},"tintDisabled":false}}}},"type":"ars_nouveau:helix"},"particleOptions":{"properties":{"ars_nouveau:particle_type":{"particleType":"ars_nouveau:sculk_soul","subProperties":{"ars_nouveau:color":{"particleColor":{"id":"ars_nouveau:constant","r":1,"g":1,"b":1},"tintDisabled":false}}},"ars_nouveau:speed":{"yMinSpeed":0.0,"yMaxSpeed":0.0,"xzMinSpeed":0.0,"xzMaxSpeed":0.0},"ars_nouveau:density":{"density":100,"radius":0.30000001192092896,"spawnType":"SPHERE"}},"type":"ars_nouveau:sculk_soul"}},"castSound":{"sound":{"sound":{"id":"ars_nouveau:apply_effect_bad_omen"},"pitch":2.0}},"resolveSound":{"sound":{}},"trailEffect":{"motion":{"propMap":{"ars_nouveau:model":{"resource":"ars_nouveau:cube","subPropMap":{"ars_nouveau:color":{"particleColor":{"id":"ars_nouveau:constant","r":1,"g":1,"b":1},"tintDisabled":false}}}},"type":"ars_nouveau:zigzag"},"particleOptions":{"properties":{"ars_nouveau:particle_type":{"particleType":"ars_nouveau:sculk_charge_pop","subProperties":{"ars_nouveau:color":{"particleColor":{"id":"ars_nouveau:constant","r":1,"g":1,"b":1},"tintDisabled":false}}},"ars_nouveau:density":{"density":100,"radius":0.30000001192092896,"spawnType":"SPHERE"}},"type":"ars_nouveau:sculk_charge_pop"}},"onResolvingEffect":{"motion":{"propMap":{},"type":"ars_nouveau:burst"},"particleOptions":{"properties":{"ars_nouveau:emitter":{"rotation":{"x":-20.577885,"y":73.38499},"age":0},"ars_nouveau:particle_type":{"particleType":"ars_nouveau:sonic_boom","subProperties":{"ars_nouveau:color":{"particleColor":{"id":"ars_nouveau:constant","r":1,"g":1,"b":1},"tintDisabled":false}}},"ars_nouveau:density":{"density":5,"radius":0.10000000149011612,"spawnType":"SPHERE"}},"type":"ars_nouveau:sonic_boom"}},"onSpawnEffect":{"motion":{"propMap":{},"type":"ars_nouveau:none"},"particleOptions":{"properties":{"ars_nouveau:particle_type":{"particleType":"ars_nouveau:new_glow","subProperties":{"ars_nouveau:color":{"particleColor":{"id":"ars_nouveau:constant","r":255,"g":25,"b":180},"tintDisabled":true}}}},"type":"ars_nouveau:new_glow"}},"type":"ars_nouveau:projectile"}},"name":"","color":{"id":"ars_nouveau:constant","r":255,"g":25,"b":180}},"3":{"sound":{},"recipe":["ars_nouveau:glyph_underfoot","ars_nouveau:glyph_phantom_block"],"particleTimeline":{"ars_nouveau:projectile":{"flairEffect":{"motion":{"propMap":{},"type":"ars_nouveau:none"},"particleOptions":{"properties":{"ars_nouveau:particle_type":{"particleType":"ars_nouveau:new_glow","subProperties":{"ars_nouveau:color":{"particleColor":{"id":"ars_nouveau:constant","r":255,"g":25,"b":180},"tintDisabled":true}}}},"type":"ars_nouveau:new_glow"}},"castSound":{"sound":{}},"resolveSound":{"sound":{}},"trailEffect":{"motion":{"propMap":{"ars_nouveau:model":{"resource":"ars_nouveau:empty","subPropMap":{}}},"type":"ars_nouveau:trail"},"particleOptions":{"properties":{"ars_nouveau:particle_type":{"particleType":"ars_nouveau:new_glow","subProperties":{"ars_nouveau:color":{"particleColor":{"id":"ars_nouveau:constant","r":255,"g":25,"b":180},"tintDisabled":true}}},"ars_nouveau:density":{"density":100,"radius":0.10000000149011612,"spawnType":"SPHERE"}},"type":"ars_nouveau:new_glow"}},"onResolvingEffect":{"motion":{"propMap":{},"type":"ars_nouveau:burst"},"particleOptions":{"properties":{"ars_nouveau:particle_type":{"particleType":"ars_nouveau:new_glow","subProperties":{"ars_nouveau:color":{"particleColor":{"id":"ars_nouveau:constant","r":255,"g":25,"b":180},"tintDisabled":true}}},"ars_nouveau:density":{"density":5,"radius":0.10000000149011612,"spawnType":"SPHERE"}},"type":"ars_nouveau:new_glow"}},"onSpawnEffect":{"motion":{"propMap":{},"type":"ars_nouveau:none"},"particleOptions":{"properties":{"ars_nouveau:particle_type":{"particleType":"ars_nouveau:new_glow","subProperties":{"ars_nouveau:color":{"particleColor":{"id":"ars_nouveau:constant","r":255,"g":25,"b":180},"tintDisabled":true}}}},"type":"ars_nouveau:new_glow"}},"type":"ars_nouveau:projectile"},"ars_nouveau:touch":{"onResolvingEffect":{"motion":{"propMap":{},"type":"ars_nouveau:burst"},"particleOptions":{"properties":{"ars_nouveau:particle_type":{"particleType":"ars_nouveau:sonic_boom","subProperties":{"ars_nouveau:color":{"particleColor":{"id":"ars_nouveau:constant","r":1,"g":1,"b":1},"tintDisabled":false}}},"ars_nouveau:density":{"density":5,"radius":0.10000000149011612,"spawnType":"SPHERE"}},"type":"ars_nouveau:sonic_boom"}},"resolveSound":{"sound":{"sound":{"id":"ars_nouveau:guardian_hurt"},"pitch":0.05}},"type":"ars_nouveau:touch"},"ars_nouveau:mageblock":{"propMap":{"ars_nouveau:color":{"particleColor":{"id":"ars_nouveau:constant","r":1,"g":1,"b":1},"tintDisabled":false}},"type":"ars_nouveau:mageblock"},"ars_nouveau:self":{"onResolvingEffect":{"motion":{"propMap":{},"type":"ars_nouveau:burst"},"particleOptions":{"properties":{"ars_nouveau:particle_type":{"particleType":"ars_nouveau:sonic_boom","subProperties":{"ars_nouveau:color":{"particleColor":{"id":"ars_nouveau:constant","r":1,"g":1,"b":1},"tintDisabled":false}}},"ars_nouveau:density":{"density":5,"radius":0.10000000149011612,"spawnType":"SPHERE"}},"type":"ars_nouveau:sonic_boom"}},"resolveSound":{"sound":{"sound":{"id":"ars_nouveau:guardian_hurt"},"pitch":0.05}},"type":"ars_nouveau:self"}},"name":"","color":{"id":"ars_nouveau:constant","r":255,"g":25,"b":180}}},"current_slot":2}}},"type":"item_stack","bookmarkType":"INGREDIENT"},
  {"ingredient":{"id":"allthearcanistgear:creative_spell_book"},"type":"item_stack","bookmarkType":"INGREDIENT"}
]