[
  {"version":2},
  {"ingredient":{"id":"minecraft:lava"},"type":"fluid_stack","bookmarkType":"INGREDIENT"},
  {"ingredient":{"id":"create_ss_crate:dirt_crate"},"type":"item_stack","bookmarkType":"INGREDIENT"},
  {"ingredient":{"id":"create_ss_crate:wood_crate"},"type":"item_stack","bookmarkType":"INGREDIENT"},
  {"ingredient":{"id":"create_ss_crate:starter_crate"},"type":"item_stack","bookmarkType":"INGREDIENT"},
  {"ingredient":{"id":"create_ss_crate:stone_crate"},"type":"item_stack","bookmarkType":"INGREDIENT"},
  {"ingredient":{"id":"create_ss_crate:ore_crate"},"type":"item_stack","bookmarkType":"INGREDIENT"},
  {"ingredient":{"id":"create_ss_crate:farmer_crate"},"type":"item_stack","bookmarkType":"INGREDIENT"},
  {"ingredient":{"id":"create_ss_crate:create_stone_crate"},"type":"item_stack","bookmarkType":"INGREDIENT"},
  {"ingredient":{"id":"create_ss_crate:nether_crate"},"type":"item_stack","bookmarkType":"INGREDIENT"},
  {"ingredient":{"id":"create_ss_crate:blazing_nether_crate"},"type":"item_stack","bookmarkType":"INGREDIENT"},
  {"ingredient":{"id":"create_ss_crate:netherite_crate"},"type":"item_stack","bookmarkType":"INGREDIENT"},
  {"ingredient":{"id":"create_ss_crate:sculk_crate"},"type":"item_stack","bookmarkType":"INGREDIENT"},
  {"ingredient":{"id":"create_ss_crate:deep_dark_crate"},"type":"item_stack","bookmarkType":"INGREDIENT"},
  {"ingredient":{"id":"create_ss_crate:sniffer_crate"},"type":"item_stack","bookmarkType":"INGREDIENT"},
  {"ingredient":{"id":"create_ss_crate:ocean_crate"},"type":"item_stack","bookmarkType":"INGREDIENT"},
  {"ingredient":{"id":"create_ss_crate:sherd_crate"},"type":"item_stack","bookmarkType":"INGREDIENT"},
  {"ingredient":{"id":"create_ss_crate:brass_crate_shell"},"type":"item_stack","bookmarkType":"INGREDIENT"},
  {"ingredient":{"id":"create_ss_crate:andesite_crate_shell"},"type":"item_stack","bookmarkType":"INGREDIENT"},
  {"ingredient":{"id":"farmersdelight:organic_compost"},"type":"item_stack","bookmarkType":"INGREDIENT"},
  {"ingredient":{"id":"densetrees:dense_oak_log"},"type":"item_stack","bookmarkType":"INGREDIENT"},
  {"ingredient":{"id":"supplementaries:flax_seeds"},"type":"item_stack","bookmarkType":"INGREDIENT"}
]