{
  "skillLocks": {
    "minecraft:iron_sword": ["attack:5"],
    "minecraft:iron_shovel": ["gathering:5"],
    "minecraft:iron_pickaxe": ["mining:5"],
    "minecraft:iron_axe": ["gathering:5"],
    "minecraft:iron_hoe": ["farming:5"],
    "minecraft:iron_helmet": ["defense:5"],
    "minecraft:iron_chestplate": ["defense:5"],
    "minecraft:iron_leggings": ["defense:5"],
    "minecraft:iron_boots": ["defense:5"],
    "minecraft:diamond_sword": ["attack:15"],
    "minecraft:diamond_shovel": ["gathering:15"],
    "minecraft:diamond_pickaxe": ["mining:15"],
    "minecraft:diamond_axe": ["gathering:15"],
    "minecraft:diamond_hoe": ["farming:15"],
    "minecraft:diamond_helmet": ["defense:15"],
    "minecraft:diamond_chestplate": ["defense:15"],
    "minecraft:diamond_leggings": ["defense:15"],
    "minecraft:diamond_boots": ["defense:15"],
    "minecraft:netherite_sword": ["attack:30"],
    "minecraft:netherite_shovel": ["gathering:30"],
    "minecraft:netherite_pickaxe": ["mining:30"],
    "minecraft:netherite_axe": ["gathering:30"],
    "minecraft:netherite_hoe": ["farming:30"],
    "minecraft:netherite_helmet": ["defense:30"],
    "minecraft:netherite_chestplate": ["defense:30"],
    "minecraft:netherite_leggings": ["defense:30"],
    "ars_nouveau:novice_spell_book": ["magic:4"],
    "ars_nouveau:apprentice_spell_book": ["magic:9"],
    "ars_nouveau:archmage_spell_book": ["magic:14"],
    "ars_nouveau:source_gem": ["magic:3"],
    "ars_nouveau:arcanist_hood": ["magic:8"],
    "ars_nouveau:arcanist_leggings": ["magic:8"],
    "ars_nouveau:arcanist_robes": ["magic:8"],
    "ars_nouveau:arcanist_boots": ["magic:8"],
    "ec_ars_plugin:arcanist_s_gauntlet": ["magic:8"],
    "ars_nouveau:sorcerer_boots": ["magic:5"],
    "ars_nouveau:sorcerer_leggings": ["magic:5"],
    "ars_nouveau:sorcerer_robes": ["magic:5"],
    "ars_nouveau:sorcerer_hood": ["magic:5"],
    "ec_ars_plugin:sorcerer_s_gauntlet": ["magic:5"],
    "ars_nouveau:battlemage_boots": ["magic:15"],
    "ars_nouveau:battlemage_leggings": ["defence:16"],
    "ars_nouveau:battlemage_robes": ["defence:20"],
    "ars_nouveau:battlemage_hood": ["magic:15"],
    "ec_ars_plugin:battle_mage_s_gauntlet": ["magic:15"],
    "ars_nouveau:worn_notebook": ["magic:2"],
    "ars_nouveau:magebloom_crop": ["farming:3"],
    "ars_nouveau:magebloom": ["farming:3"],
    "ars_nouveau:magebloom_fiber": ["farming:3"],
    "ars_nouveau:imbuement_chamber": ["magic:4"],
    "ars_nouveau:enchanting_apparatus": ["magic:6"],
    "ars_nouveau:arcane_core": ["magic:5"],
    "ars_nouveau:arcane_platform": ["magic:2"],
    "ars_nouveau:arcane_pedestal": ["magic:2"],
    "ars_nouveau:starbuncle_charm": ["gathering:10"],
    "ars_nouveau:bookwyrm_charm": ["magic:6"],
    "ars_nouveau:amethyst_golem_charm": ["building:8"],
    "ars_nouveau:drygmy_charm": ["gathering:28"],
    "ars_nouveau:whirlisprig_charm": ["farming:6"],
    "ars_nouveau:alakarkinos_charm": ["gathering:6"],
    "ars_nouveau:wixie_charm": ["magic:7"],
    "ars_elemental:firenando_charm": ["attack:8"],
    "ars_elemental:siren_charm": ["gathering:5"],
    "ars_nouveau:decor_blossom": ["building:10"],
    "ars_nouveau:dominion_wand": ["magic:3"],
    "ars_nouveau:scribes_table": ["magic:4"],
    "ars_nouveau:warp_scroll": ["magic:3"],
    "ars_nouveau:spell_prism": ["magic:5"],
    "ars_nouveau:void_prism": ["magic:4"],
    "ars_nouveau:sconce": ["building:4"],
    "ars_nouveau:sourcestone_sconce": ["building:4"],
    "ars_nouveau:polished_sconce": ["building:4"],
    "ars_nouveau:archwood_sconce": ["building:4"],
    "ars_nouveau:enchanters_eye": ["magic:10"],
    "ars_nouveau:scryers_crystal": ["magic:3"],
    "ars_nouveau:enchanters_fishing_rod": ["magic:6"],
    "ars_nouveau:enchanters_gauntlet": ["mining:20"],
    "ars_nouveau:relay": ["building:8"],
    "ars_nouveau:relay_splitter": ["building:8"],
    "ars_nouveau:relay_deposit": ["building:10"],
    "ars_nouveau:relay_collector": ["building:10"],
    "ars_nouveau:relay_warp": ["building:25"],
    "ars_nouveau:redstone_relay": ["building:5"],
    "ars_nouveau:spell_parchment": ["magic:9"],
    "ars_nouveau:basic_spell_turret": ["building:6"],
    "ars_nouveau:spell_turret": ["magic:10"],
    "ars_nouveau:rotating_spell_turret": ["building:7"],
    "ars_nouveau:timer_spell_turret": ["building:8"],
    "ars_nouveau:spell_sensor": ["building:5"],
    "arsdelight:enchanters_knife": ["magic:15"],
    "minecraft:shield": ["defense:8"],
    "ars_nouveau:enchanters_shield": ["magic:8"],
    "ars_elemental:spell_horn": ["magic:5"],
    "ars_elemental:base_bangle": ["magic:8"],
    "ars_nouveau:wand": ["magic:4"],
    "ars_nouveau:spell_bow": ["magic:6"],
    "ars_nouveau:enchanters_sword": ["magic:15"],
    "ars_nouveau:enchanters_mirror": ["magic:6"],
    "ars_nouveau:mimic_scroll": ["magic:10"],
    "ars_nouveau:blank_parchment": ["magic:4"],
    "ars_additions:imbued_spell_parchment": ["magic:9"],
    "ars_nouveau:scryer_scroll": ["magic:8"],
    "ars_nouveau:scryers_oculus": ["magic:8"],
    "ars_nouveau:dowsing_rod": ["magic:10"],
    "ars_nouveau:ritual_scrying": ["magic:10"],
    "ars_nouveau:spell_crossbow": ["magic:15"],
    "ec_ars_plugin:enchanter_s_battle_staff": ["magic:15"],
    "ars_nouveau:dull_trinket": ["magic:5"],
    "ars_nouveau:mundane_belt": ["magic:5"],
    "ars_nouveau:potion_flask": ["magic:11"],
    "ars_nouveau:potion_flask_extend_time": ["magic:14"],
    "ars_nouveau:potion_flask_amplify": ["magic:14"],
    "ars_nouveau:splash_flask_cannon": ["building:7"],
    "ars_nouveau:lingering_flask_cannon": ["building:11"],
    "ars_elemental:siren_shards": ["gathering:4"],
    "ars_nouveau:starbuncle_shards": ["gathering:4"],
    "ars_nouveau:whirlisprig_shards": ["gathering:4"],
    "ars_nouveau:wixie_shards": ["gathering:4"],
    "ars_nouveau:drygmy_shard": ["gathering:4"],
    "ars_nouveau:alakarkinos_token": ["gathering:4"],
    "avaritia:infinity_sword": ["attack:32"],
    "avaritia:infinity_pickaxe": ["mining:32"],
    "avaritia:infinity_axe": ["gathering:32"],
    "avaritia:infinity_shovel": ["mining:32"],
    "avaritia:infinity_hoe": ["farming:32"],
    "avaritia:infinity_bow": ["agility:32"],
    "avaritia:infinity_helmet": ["defense:32"],
    "avaritia:infinity_chestplate": ["defense:32"],
    "avaritia:infinity_leggings": ["defense:32"],
    "avaritia:infinity_boots": ["agility:32"],
    "avaritia:ultimate_stew": ["farming:32"],
    "avaritia:cosmic_meatballs": ["farming:32"],
    "avaritia:infinity_chest": ["building:32"],
    "avaritia:extreme_crafting_table": ["building:32"],
    "avaritia:skullfire_sword": ["attack:20"],
    "avaritia:compressor": ["building:32"],
    "avaritia:neutron_collector": ["gathering:32"],
    "avaritia:endest_pearl": ["mining:30"],
    "avaritia:neutronium_block": ["building:30"],
    "avaritia:infinity_block": ["building:32"],
    "avaritia:crystal_matrix_block": ["building:31"],
    "ars_nouveau:glyph_leap": ["agility:25"],
    "ars_nouveau:wilden_horn": ["magic:4"],
    "ars_nouveau:wilden_spike": ["magic:4"],
    "ars_nouveau:wilden_wing": ["gathering:5"],
    "ars_nouveau:wilden_tribute": ["magic:15"],
    "ars_nouveau:ritual_wilden_summon": ["magic:5"],
    "ars_nouveau:wilden_hunter_se": ["magic:10"],
    "ars_nouveau:wilden_guardian_se": ["magic:10"],
    "ars_nouveau:wilden_stalker_se": ["magic:10"],
    "arsdelight:wilden_meat": ["farming:8"],
    "arsdelight:grilled_wilden_meat": ["farming:9"],
    "arsdelight:wilden_meat_slice": ["farming:9"],
    "arsdelight:grilled_wilden_meat_slice": ["farming:9"],
    "arsdelight:chimera_meat": ["farming:10"],
    "arsdelight:grilled_chimera_meat": ["farming:10"],
    "arsdelight:chimera_meat_slice": ["farming:11"],
    "arsdelight:grilled_chimera_meat_slice": ["farming:11"],
    "arsdelight:wilden_skewer": ["farming:11"],
    "arsdelight:grilled_wilden_skewer": ["farming:11"],
    "arsdelight:chimera_skewer": ["farming:12"],
    "arsdelight:grilled_chimera_skewer": ["farming:12"],
    "arsdelight:wilden_sauce": ["farming:10"],
    "arsdelight:wilden_stew": ["farming:10"],
    "arsdelight:bowl_of_wilden_salad": ["farming:13"],
    "arsdelight:horn_roll": ["farming:19"],
    "arsdelight:bowl_of_honey_glazed_chimera": ["farming:26"],
    "ars_additions:ender_source_jar": ["magic:18"],
    "ars_nouveau:source_jar": ["magic:3"],
    "ars_nouveau:ring_of_potential": ["magic:5"],
    "ars_nouveau:ring_of_lesser_discount": ["magic:7"],
    "ars_nouveau:ring_of_greater_discount": ["magic:10"],
    "ars_nouveau:amulet_of_mana_boost": ["magic:8"],
    "ars_nouveau:amulet_of_mana_regen": ["magic:8"],
    "ars_nouveau:belt_of_levitation": ["magic:7"],
    "irons_spellbooks:cursed_doll_spell_book": ["magic:17"],
    "irons_spellbooks:villager_spell_book": ["magic:17"],
    "irons_spellbooks:dragonskin_spell_book": ["magic:20"],
    "irons_spellbooks:rotten_spell_book": ["magic:15"],
    "irons_spellbooks:ice_spell_book": ["magic:20"],
    "irons_spellbooks:diamond_spell_book": ["magic:18"],
    "irons_spellbooks:gold_spell_book": ["magic:16"],
    "irons_spellbooks:evoker_spell_book": ["magic:18"],
    "irons_spellbooks:copper_spell_book": ["magic:9"],
    "irons_spellbooks:druidic_spell_book": ["magic:18"],
    "irons_spellbooks:netherite_spell_book": ["magic:22"],
    "irons_spellbooks:iron_spell_book": ["magic:13"],
    "irons_spellbooks:necronomicon_spell_book": ["magic:18"],
    "irons_spellbooks:blaze_spell_book": ["magic:18"],
    "ars_additions:codex_entry": ["magic:10"],
    "ars_additions:lost_codex_entry": ["magic:15"],
    "ars_additions:ancient_codex_entry": ["magic:20"],
    "minecraft:netherite_boots": ["defense:30"]
  }
}
