[
  {"version":2},
  {"ingredient":{"id":"ae2:cell_component_1k"},"type":"item_stack","bookmarkType":"INGREDIENT"},
  {"ingredient":{"id":"ae2:cell_component_4k"},"type":"item_stack","bookmarkType":"INGREDIENT"},
  {"ingredient":{"id":"ae2:cell_component_16k"},"type":"item_stack","bookmarkType":"INGREDIENT"},
  {"ingredient":{"id":"ae2:cell_component_64k"},"type":"item_stack","bookmarkType":"INGREDIENT"},
  {"ingredient":{"id":"ae2:cell_component_256k"},"type":"item_stack","bookmarkType":"INGREDIENT"},
  {"ingredient":{"id":"ae2:item_cell_housing"},"type":"item_stack","bookmarkType":"INGREDIENT"},
  {"ingredient":{"id":"ae2:cyan_smart_dense_cable"},"type":"item_stack","bookmarkType":"INGREDIENT"}
]