[
  {"version":1},
  {"ingredient":{"id":"minecraft:bucket"},"type":"item_stack","bookmarkType":"INGREDIENT"},
  {"ingredient":{"id":"elixirum:alchemist_eye"},"type":"item_stack","bookmarkType":"INGREDIENT"},
  {"ingredient":{"id":"minecraft:ender_eye"},"type":"item_stack","bookmarkType":"INGREDIENT"},
  {"ingredient":{"id":"apotheosis:potion_charm","components":{"minecraft:potion_contents":{"potion":"ars_nouveau:shielding_potion_strong"}}},"type":"item_stack","bookmarkType":"INGREDIENT"},
  {"ingredient":{"id":"ae2:wireless_booster"},"type":"item_stack","bookmarkType":"INGREDIENT"},
  {"ingredient":{"id":"ae2:wireless_access_point"},"type":"item_stack","bookmarkType":"INGREDIENT"},
  {"ingredient":{"id":"ae2wtlib:quantum_bridge_card"},"type":"item_stack","bookmarkType":"INGREDIENT"},
  {"ingredient":{"id":"ae2:quantum_link"},"type":"item_stack","bookmarkType":"INGREDIENT"},
  {"ingredient":{"id":"ae2:quantum_ring"},"type":"item_stack","bookmarkType":"INGREDIENT"},
  {"ingredient":{"id":"ae2:advanced_card"},"type":"item_stack","bookmarkType":"INGREDIENT"},
  {"ingredient":{"id":"ae2:energy_card"},"type":"item_stack","bookmarkType":"INGREDIENT"},
  {"ingredient":{"id":"arsdelight:source_berry_hornbeer"},"type":"item_stack","bookmarkType":"INGREDIENT"},
  {"ingredient":{"id":"ars_additions:codex_entry"},"type":"item_stack","bookmarkType":"INGREDIENT"},
  {"ingredient":{"id":"ars_additions:warp_nexus"},"type":"item_stack","bookmarkType":"INGREDIENT"}
]