[
  {"version":2},
  {"ingredient":{"id":"ae2:cell_component_1k"},"type":"item_stack","bookmarkType":"INGREDIENT"},
  {"ingredient":{"id":"ae2:cell_component_4k"},"type":"item_stack","bookmarkType":"INGREDIENT"},
  {"ingredient":{"id":"ae2:cell_component_16k"},"type":"item_stack","bookmarkType":"INGREDIENT"},
  {"ingredient":{"id":"ae2:cell_component_64k"},"type":"item_stack","bookmarkType":"INGREDIENT"},
  {"ingredient":{"id":"ae2:cell_component_256k"},"type":"item_stack","bookmarkType":"INGREDIENT"},
  {"ingredient":{"id":"minecraft:redstone"},"type":"item_stack","bookmarkType":"INGREDIENT"},
  {"ingredient":{"id":"minecraft:gold_ingot"},"type":"item_stack","bookmarkType":"INGREDIENT"},
  {"ingredient":{"id":"minecraft:gold_nugget"},"type":"item_stack","bookmarkType":"INGREDIENT"},
  {"ingredient":{"id":"minecraft:clock"},"type":"item_stack","bookmarkType":"INGREDIENT"}
]